{"f0": [214.31683793057, 63.97520977575229], "energy": [-1.1494710445404053, 9.100602149963379, 36.525346349197065, 31.755047609701133], "spec_min": [-11.469481468200684, -10.768439292907715, -10.05811595916748, -10.319121360778809, -10.24073600769043, -10.016997337341309, -9.923521995544434, -10.57834243774414, -10.346625328063965, -11.2974271774292, -10.392683982849121, -10.48845100402832, -10.498303413391113, -10.600692749023438, -10.677831649780273, -10.290786743164062, -10.438029289245605, -10.76464557647705, -10.798888206481934, -10.608209609985352, -10.588716506958008, -11.086200714111328, -10.948136329650879, -10.4891357421875, -10.955056190490723, -10.709659576416016, -10.887648582458496, -10.878861427307129, -11.033586502075195, -11.169975280761719, -11.220173835754395, -11.139020919799805, -11.037013053894043, -11.10164737701416, -11.464554786682129, -10.829379081726074, -11.160367965698242, -11.051058769226074, -11.512925148010254, -11.38371467590332, -11.051566123962402, -10.997408866882324, -11.238153457641602, -10.865585327148438, -10.780774116516113, -10.993109703063965, -10.826485633850098, -11.438852310180664, -11.319412231445312, -11.172768592834473, -11.333459854125977, -11.056884765625, -11.062971115112305, -11.141226768493652, -11.317380905151367, -11.512925148010254, -11.169285774230957, -11.304387092590332, -11.181741714477539, -10.988104820251465, -11.134912490844727, -10.989680290222168, -11.08957576751709, -11.007221221923828, -11.016426086425781, -10.921521186828613, -11.085683822631836, -11.190279006958008, -11.189154624938965, -11.406586647033691, -11.512925148010254, -11.512925148010254, -11.512925148010254, -11.512925148010254, -11.512925148010254, -11.512925148010254, -11.512925148010254, -11.512925148010254, -11.48617172241211, -11.421052932739258], "spec_max": [-1.2333805561065674, -1.155454158782959, -0.7586699724197388, 0.31735891103744507, 0.8302388787269592, 1.3565410375595093, 1.7590655088424683, 1.83986234664917, 1.9023191928863525, 1.9720772504806519, 1.9271588325500488, 1.9560068845748901, 1.889830470085144, 2.0431199073791504, 2.0957534313201904, 1.9842907190322876, 2.0277152061462402, 2.091404676437378, 2.0073139667510986, 1.974448323249817, 1.7326891422271729, 1.7381110191345215, 1.7088223695755005, 1.7054764032363892, 1.7428399324417114, 1.7638312578201294, 1.5390567779541016, 1.4007123708724976, 1.451018214225769, 1.40231454372406, 1.2593659162521362, 1.33526611328125, 1.4860159158706665, 1.1652131080627441, 0.864253580570221, 0.9164842963218689, 0.8340813517570496, 0.7979956269264221, 0.9508481621742249, 0.8192025423049927, 0.7930895090103149, 0.8049646019935608, 0.6145666837692261, 0.5195392966270447, 0.28252047300338745, 0.5292761921882629, 0.19422465562820435, 0.2979161739349365, 0.1676829606294632, 0.3382384479045868, 0.2249702662229538, 0.24221651256084442, 0.2613462209701538, 0.1252337098121643, 0.1053810566663742, -0.07933317869901657, 0.33249884843826294, -0.06639871001243591, 0.0686040148139, 0.6147964596748352, 0.44456449151039124, 0.21345020830631256, 0.6772105097770691, 0.4842052757740021, 0.24577316641807556, 0.6678946614265442, 0.6193884611129761, 0.7760462164878845, 0.7810625433921814, 0.8850235939025879, 0.9012994766235352, 0.7396138906478882, 0.7299363613128662, 0.7192922830581665, 0.8582836985588074, 0.7652295231819153, 0.8704854249954224, 0.9159795045852661, 0.8812376260757446, 0.7440313696861267], "max_seq_len": 870}